{
  "hash": "1d7c98ed",
  "configHash": "1f27b7c2",
  "lockfileHash": "b20b7bc0",
  "browserHash": "e6838482",
  "optimized": {
    "@angular/common": {
      "src": "../../../../../node_modules/@angular/common/fesm2022/common.mjs",
      "file": "@angular_common.js",
      "fileHash": "e4ae7ac1",
      "needsInterop": false
    },
    "@angular/core": {
      "src": "../../../../../node_modules/@angular/core/fesm2022/core.mjs",
      "file": "@angular_core.js",
      "fileHash": "576a8b42",
      "needsInterop": false
    },
    "@angular/forms": {
      "src": "../../../../../node_modules/@angular/forms/fesm2022/forms.mjs",
      "file": "@angular_forms.js",
      "fileHash": "4a90f4fd",
      "needsInterop": false
    },
    "@angular/platform-browser": {
      "src": "../../../../../node_modules/@angular/platform-browser/fesm2022/platform-browser.mjs",
      "file": "@angular_platform-browser.js",
      "fileHash": "2fd4e94f",
      "needsInterop": false
    }
  },
  "chunks": {
    "chunk-PBLHRPPS": {
      "file": "chunk-PBLHRPPS.js"
    },
    "chunk-OF23TSPQ": {
      "file": "chunk-OF23TSPQ.js"
    }
  }
}